SAMPLE_DATE,DETERMINAND_LABEL,RESULT
04-01-2000,Ammonia(N),10.4
28-06-2000,Ammonia(N),6.22
15-11-2000,Ammonia(N),3.58
17-07-2000,Ammonia(N),34.8
24-01-2000,Ammonia(N),0.03
15-02-2000,Ammonia(N),0.03
22-03-2000,Ammonia(N),0.03
12-04-2000,Ammonia(N),0.243
23-05-2000,Ammonia(N),0.03
20-06-2000,Ammonia(N),0.03
11-07-2000,Ammonia(N),0.052
15-08-2000,Ammonia(N),0.032
21-09-2000,Ammonia(N),0.032
16-10-2000,Ammonia(N),0.03
16-11-2000,Ammonia(N),0.045
14-12-2000,Ammonia(N),0.057
24-01-2000,Ammonia(N),0.03
15-02-2000,Ammonia(N),0.03
22-03-2000,Ammonia(N),0.03
12-04-2000,Ammonia(N),0.221
23-05-2000,Ammonia(N),0.03
20-06-2000,Ammonia(N),0.05
11-07-2000,Ammonia(N),0.036
15-08-2000,Ammonia(N),0.035
21-09-2000,Ammonia(N),0.03
16-10-2000,Ammonia(N),0.098
16-11-2000,Ammonia(N),0.111
14-12-2000,Ammonia(N),0.05
24-01-2000,Ammonia(N),0.03
15-02-2000,Ammonia(N),0.03
22-03-2000,Ammonia(N),0.03
12-04-2000,Ammonia(N),0.344
23-05-2000,Ammonia(N),0.03
20-06-2000,Ammonia(N),0.055
11-07-2000,Ammonia(N),0.03
15-08-2000,Ammonia(N),1.21
21-09-2000,Ammonia(N),0.114
16-10-2000,Ammonia(N),0.047
16-11-2000,Ammonia(N),0.03
14-12-2000,Ammonia(N),0.056
24-01-2000,Ammonia(N),0.03
15-02-2000,Ammonia(N),0.03
12-04-2000,Ammonia(N),0.234
23-05-2000,Ammonia(N),0.035
20-06-2000,Ammonia(N),0.102
11-07-2000,Ammonia(N),0.03
15-08-2000,Ammonia(N),0.069
21-09-2000,Ammonia(N),0.042
16-10-2000,Ammonia(N),0.036
16-11-2000,Ammonia(N),0.101
14-12-2000,Ammonia(N),0.067
28-06-2000,Ammonia(N),58
15-11-2000,Ammonia(N),7.57
04-01-2000,Ammonia(N),0.66
21-03-2000,Ammonia(N),1.78
10-01-2000,Ammonia(N),0.98
03-02-2000,Ammonia(N),0.5
09-05-2000,Ammonia(N),0.5
06-06-2000,Ammonia(N),0.5
28-06-2000,Ammonia(N),0.5
31-07-2000,Ammonia(N),0.5
06-09-2000,Ammonia(N),0.5
02-10-2000,Ammonia(N),0.5
07-11-2000,Ammonia(N),0.51
04-12-2000,Ammonia(N),0.73
11-04-2001,Ammonia(N),6.24
01-10-2001,Ammonia(N),11.2
30-01-2001,Ammonia(N),0.1
28-02-2001,Ammonia(N),0.055
30-03-2001,Ammonia(N),0.058
02-05-2001,Ammonia(N),0.03
29-05-2001,Ammonia(N),0.03
28-06-2001,Ammonia(N),0.033
26-07-2001,Ammonia(N),0.03
22-08-2001,Ammonia(N),0.046
13-09-2001,Ammonia(N),0.051
19-10-2001,Ammonia(N),0.045
07-11-2001,Ammonia(N),0.03
12-12-2001,Ammonia(N),0.059
30-01-2001,Ammonia(N),0.07
28-02-2001,Ammonia(N),0.072
30-03-2001,Ammonia(N),0.054
02-05-2001,Ammonia(N),0.03
01-06-2001,Ammonia(N),0.032
28-06-2001,Ammonia(N),0.979
26-07-2001,Ammonia(N),0.033
22-08-2001,Ammonia(N),0.422
13-09-2001,Ammonia(N),0.032
19-10-2001,Ammonia(N),0.043
07-11-2001,Ammonia(N),0.286
12-12-2001,Ammonia(N),0.034
30-01-2001,Ammonia(N),0.03
28-02-2001,Ammonia(N),0.03
30-03-2001,Ammonia(N),0.055
02-05-2001,Ammonia(N),0.033
01-06-2001,Ammonia(N),0.032
28-06-2001,Ammonia(N),0.057
26-07-2001,Ammonia(N),0.03
28-08-2001,Ammonia(N),0.05
13-09-2001,Ammonia(N),0.03
19-10-2001,Ammonia(N),0.035
07-11-2001,Ammonia(N),0.03
12-12-2001,Ammonia(N),0.03
30-01-2001,Ammonia(N),0.03
22-03-2001,Ammonia(N),0.089
30-03-2001,Ammonia(N),0.046
02-05-2001,Ammonia(N),0.03
01-06-2001,Ammonia(N),0.03
28-06-2001,Ammonia(N),0.882
26-07-2001,Ammonia(N),0.053
28-08-2001,Ammonia(N),0.07
13-09-2001,Ammonia(N),0.052
19-10-2001,Ammonia(N),0.071
07-11-2001,Ammonia(N),0.119
12-12-2001,Ammonia(N),0.03
08-01-2001,Ammonia(N),13.3
11-04-2001,Ammonia(N),8.98
10-01-2001,Ammonia(N),0.5
06-02-2001,Ammonia(N),0.5
07-03-2001,Ammonia(N),0.86
16-05-2001,Ammonia(N),1.69
14-06-2001,Ammonia(N),1.19
12-07-2001,Ammonia(N),0.85
07-08-2001,Ammonia(N),1.06
19-09-2001,Ammonia(N),1.04
03-10-2001,Ammonia(N),0.9
23-10-2001,Ammonia(N),0.5
06-12-2001,Ammonia(N),0.5
13-02-2002,Ammonia(N),0.046
15-03-2002,Ammonia(N),0.047
16-04-2002,Ammonia(N),0.03
22-05-2002,Ammonia(N),0.03
26-03-2002,Ammonia(N),37.5
15-07-2002,Ammonia(N),15.3
24-10-2002,Ammonia(N),3.12
26-03-2002,Ammonia(N),0.71
23-01-2002,Ammonia(N),0.066
14-06-2002,Ammonia(N),0.05
12-07-2002,Ammonia(N),0.057
01-08-2002,Ammonia(N),0.079
02-09-2002,Ammonia(N),0.07
18-09-2002,Ammonia(N),0.032
15-10-2002,Ammonia(N),0.048
15-11-2002,Ammonia(N),0.055
09-12-2002,Ammonia(N),0.057
23-01-2002,Ammonia(N),0.035
13-02-2002,Ammonia(N),0.034
15-03-2002,Ammonia(N),0.03
16-04-2002,Ammonia(N),0.03
22-05-2002,Ammonia(N),0.124
14-06-2002,Ammonia(N),0.562
12-07-2002,Ammonia(N),0.069
01-08-2002,Ammonia(N),0.064
02-09-2002,Ammonia(N),0.051
18-09-2002,Ammonia(N),0.454
19-09-2002,Ammonia(N),5.27
15-10-2002,Ammonia(N),0.059
18-11-2002,Ammonia(N),0.049
09-12-2002,Ammonia(N),0.075
23-01-2002,Ammonia(N),0.03
13-02-2002,Ammonia(N),0.042
15-03-2002,Ammonia(N),0.03
16-04-2002,Ammonia(N),0.03
22-05-2002,Ammonia(N),0.037
14-06-2002,Ammonia(N),0.202
12-07-2002,Ammonia(N),0.066
01-08-2002,Ammonia(N),0.149
02-09-2002,Ammonia(N),0.03
18-09-2002,Ammonia(N),0.054
19-09-2002,Ammonia(N),0.064
20-09-2002,Ammonia(N),0.046
15-10-2002,Ammonia(N),0.058
18-11-2002,Ammonia(N),0.036
09-12-2002,Ammonia(N),0.036
23-01-2002,Ammonia(N),0.06
13-02-2002,Ammonia(N),0.04
15-03-2002,Ammonia(N),0.043
16-04-2002,Ammonia(N),0.043
22-05-2002,Ammonia(N),0.048
14-06-2002,Ammonia(N),0.466
12-07-2002,Ammonia(N),0.116
01-08-2002,Ammonia(N),0.077
02-09-2002,Ammonia(N),0.075
18-09-2002,Ammonia(N),0.102
19-09-2002,Ammonia(N),2.88
20-09-2002,Ammonia(N),7.81
15-10-2002,Ammonia(N),0.193
18-11-2002,Ammonia(N),0.042
09-12-2002,Ammonia(N),0.046
26-03-2002,Ammonia(N),15.9
15-07-2002,Ammonia(N),68.5
24-10-2002,Ammonia(N),63.3
15-07-2002,Ammonia(N),23.1
10-01-2002,Ammonia(N),0.5
30-01-2002,Ammonia(N),0.5
28-02-2002,Ammonia(N),0.5
16-04-2002,Ammonia(N),0.97
13-05-2002,Ammonia(N),0.5
22-05-2002,Ammonia(N),0.5
27-06-2002,Ammonia(N),0.5
22-07-2002,Ammonia(N),0.5
20-08-2002,Ammonia(N),0.5
31-10-2002,Ammonia(N),0.5
20-11-2002,Ammonia(N),0.5
26-03-2002,Ammonia(N),0.5
08-01-2003,Ammonia(N),11.1
07-04-2003,Ammonia(N),9.37
11-07-2003,Ammonia(N),14.2
02-10-2003,Ammonia(N),11.8
11-07-2003,Ammonia(N),10.2
23-01-2003,Ammonia(N),0.067
21-02-2003,Ammonia(N),0.035
18-03-2003,Ammonia(N),0.03
17-04-2003,Ammonia(N),0.03
21-05-2003,Ammonia(N),0.035
23-06-2003,Ammonia(N),0.03
28-07-2003,Ammonia(N),0.036
14-08-2003,Ammonia(N),0.032
15-09-2003,Ammonia(N),0.03
14-10-2003,Ammonia(N),0.03
26-11-2003,Ammonia(N),0.066
18-12-2003,Ammonia(N),0.042
23-01-2003,Ammonia(N),0.076
21-02-2003,Ammonia(N),0.075
18-03-2003,Ammonia(N),0.042
17-04-2003,Ammonia(N),0.037
21-05-2003,Ammonia(N),0.137
23-06-2003,Ammonia(N),0.306
28-07-2003,Ammonia(N),0.033
14-08-2003,Ammonia(N),0.032
15-09-2003,Ammonia(N),0.033
14-10-2003,Ammonia(N),0.03
26-11-2003,Ammonia(N),0.137
18-12-2003,Ammonia(N),0.068
23-01-2003,Ammonia(N),0.072
21-02-2003,Ammonia(N),0.057
18-03-2003,Ammonia(N),0.03
17-04-2003,Ammonia(N),0.044
21-05-2003,Ammonia(N),0.08
23-06-2003,Ammonia(N),0.032
28-07-2003,Ammonia(N),0.03
14-08-2003,Ammonia(N),0.041
15-09-2003,Ammonia(N),0.03
14-10-2003,Ammonia(N),0.04
26-11-2003,Ammonia(N),0.054
18-12-2003,Ammonia(N),0.069
23-01-2003,Ammonia(N),0.068
21-02-2003,Ammonia(N),0.09
18-03-2003,Ammonia(N),0.041
17-04-2003,Ammonia(N),0.052
21-05-2003,Ammonia(N),0.256
23-06-2003,Ammonia(N),0.293
28-07-2003,Ammonia(N),0.044
14-08-2003,Ammonia(N),0.067
15-09-2003,Ammonia(N),0.057
14-10-2003,Ammonia(N),0.03
26-11-2003,Ammonia(N),0.078
18-12-2003,Ammonia(N),0.077
08-01-2003,Ammonia(N),1.89
07-04-2003,Ammonia(N),55.7
11-07-2003,Ammonia(N),11.8
27-08-2003,Ammonia(N),0.78
09-01-2003,Ammonia(N),0.5
18-02-2003,Ammonia(N),0.5
18-03-2003,Ammonia(N),2.86
02-04-2003,Ammonia(N),0.5
07-05-2003,Ammonia(N),0.5
04-06-2003,Ammonia(N),0.5
01-07-2003,Ammonia(N),0.5
30-07-2003,Ammonia(N),0.5
02-09-2003,Ammonia(N),0.82
01-10-2003,Ammonia(N),0.5
28-10-2003,Ammonia(N),0.5
04-12-2003,Ammonia(N),0.5
16-01-2003,Ammonia(N),0.693
17-02-2003,Ammonia(N),0.667
19-03-2003,Ammonia(N),0.676
16-04-2003,Ammonia(N),0.635
15-05-2003,Ammonia(N),0.678
12-06-2003,Ammonia(N),0.632
07-07-2003,Ammonia(N),0.659
06-08-2003,Ammonia(N),0.708
04-09-2003,Ammonia(N),0.666
06-10-2003,Ammonia(N),0.677
03-11-2003,Ammonia(N),0.654
10-12-2003,Ammonia(N),0.68
12-01-2004,Ammonia(N),0.5
24-06-2004,Ammonia(N),4.71
23-08-2004,Ammonia(N),3.35
19-10-2004,Ammonia(N),1.16
12-01-2004,Ammonia(N),0.5
02-02-2004,Ammonia(N),0.045
09-03-2004,Ammonia(N),0.03
14-04-2004,Ammonia(N),0.03
06-05-2004,Ammonia(N),0.057
01-06-2004,Ammonia(N),0.03
30-06-2004,Ammonia(N),0.034
06-08-2004,Ammonia(N),0.055
09-09-2004,Ammonia(N),0.034
04-10-2004,Ammonia(N),0.03
08-11-2004,Ammonia(N),0.03
02-12-2004,Ammonia(N),0.034
02-02-2004,Ammonia(N),0.043
09-03-2004,Ammonia(N),0.03
14-04-2004,Ammonia(N),0.03
06-05-2004,Ammonia(N),0.059
01-06-2004,Ammonia(N),0.03
30-06-2004,Ammonia(N),0.084
02-08-2004,Ammonia(N),0.036
04-08-2004,Ammonia(N),0.064
09-09-2004,Ammonia(N),0.03
04-10-2004,Ammonia(N),0.109
08-11-2004,Ammonia(N),0.068
02-12-2004,Ammonia(N),0.062
02-02-2004,Ammonia(N),0.047
09-03-2004,Ammonia(N),0.03
14-04-2004,Ammonia(N),0.03
06-05-2004,Ammonia(N),0.048
01-06-2004,Ammonia(N),0.03
16-07-2004,Ammonia(N),0.03
04-08-2004,Ammonia(N),0.051
09-09-2004,Ammonia(N),0.03
04-10-2004,Ammonia(N),0.03
08-11-2004,Ammonia(N),0.03
02-12-2004,Ammonia(N),0.03
02-02-2004,Ammonia(N),0.043
09-03-2004,Ammonia(N),0.03
14-04-2004,Ammonia(N),0.03
06-05-2004,Ammonia(N),0.058
01-06-2004,Ammonia(N),0.03
16-07-2004,Ammonia(N),0.067
04-08-2004,Ammonia(N),0.493
09-09-2004,Ammonia(N),0.037
04-10-2004,Ammonia(N),0.054
08-11-2004,Ammonia(N),0.058
02-12-2004,Ammonia(N),0.031
12-01-2004,Ammonia(N),0.86
23-06-2004,Ammonia(N),59.7
23-06-2004,Ammonia(N),64.4
23-08-2004,Ammonia(N),5.52
22-10-2004,Ammonia(N),8.89
12-01-2004,Ammonia(N),0.5
24-06-2004,Ammonia(N),0.68
09-01-2004,Ammonia(N),0.5
01-03-2004,Ammonia(N),1.41
16-03-2004,Ammonia(N),0.5
23-04-2004,Ammonia(N),1.58
17-05-2004,Ammonia(N),0.5
15-06-2004,Ammonia(N),0.5
13-07-2004,Ammonia(N),0.5
18-08-2004,Ammonia(N),0.5
16-09-2004,Ammonia(N),0.56
18-10-2004,Ammonia(N),1.66
16-11-2004,Ammonia(N),1.34
09-12-2004,Ammonia(N),0.58
06-04-2004,Ammonia(N),0.5
23-08-2004,Ammonia(N),48.3
05-03-2004,Ammonia(N),0.092
15-03-2004,Ammonia(N),0.056
06-04-2004,Ammonia(N),0.03
08-05-2004,Ammonia(N),0.059
18-06-2004,Ammonia(N),0.06
24-06-2004,Ammonia(N),0.123
16-07-2004,Ammonia(N),0.092
04-08-2004,Ammonia(N),0.321
13-08-2004,Ammonia(N),0.785
14-09-2004,Ammonia(N),2.46
15-11-2004,Ammonia(N),0.091
24-11-2004,Ammonia(N),0.054
09-12-2004,Ammonia(N),0.067
08-04-2005,Ammonia(N),13.5
06-07-2005,Ammonia(N),28.1
10-10-2005,Ammonia(N),37.5
23-03-2005,Ammonia(N),41.5
22-04-2005,Ammonia(N),41.3
06-01-2005,Ammonia(N),0.03
01-02-2005,Ammonia(N),0.03
02-03-2005,Ammonia(N),0.03
05-04-2005,Ammonia(N),0.03
05-05-2005,Ammonia(N),0.038
08-06-2005,Ammonia(N),0.032
04-07-2005,Ammonia(N),0.051
03-08-2005,Ammonia(N),0.03
06-09-2005,Ammonia(N),0.031
28-09-2005,Ammonia(N),0.03
14-11-2005,Ammonia(N),0.036
06-01-2005,Ammonia(N),0.066
01-02-2005,Ammonia(N),0.03
02-03-2005,Ammonia(N),0.03
05-04-2005,Ammonia(N),0.03
05-05-2005,Ammonia(N),0.089
08-06-2005,Ammonia(N),0.06
04-07-2005,Ammonia(N),0.065
03-08-2005,Ammonia(N),0.04
06-09-2005,Ammonia(N),0.031
28-09-2005,Ammonia(N),0.041
14-11-2005,Ammonia(N),0.08
06-01-2005,Ammonia(N),0.03
01-02-2005,Ammonia(N),0.03
02-03-2005,Ammonia(N),0.03
05-04-2005,Ammonia(N),0.03
05-05-2005,Ammonia(N),0.056
08-06-2005,Ammonia(N),0.039
04-07-2005,Ammonia(N),0.039
03-08-2005,Ammonia(N),0.03
06-09-2005,Ammonia(N),0.039
28-09-2005,Ammonia(N),0.03
14-11-2005,Ammonia(N),0.03
06-01-2005,Ammonia(N),0.035
01-02-2005,Ammonia(N),0.03
02-03-2005,Ammonia(N),0.03
05-04-2005,Ammonia(N),0.03
05-05-2005,Ammonia(N),0.06
08-06-2005,Ammonia(N),0.052
04-07-2005,Ammonia(N),0.086
03-08-2005,Ammonia(N),0.05
06-09-2005,Ammonia(N),0.047
28-09-2005,Ammonia(N),0.04
14-11-2005,Ammonia(N),0.032
10-01-2005,Ammonia(N),3.23
08-04-2005,Ammonia(N),1.35
06-07-2005,Ammonia(N),3.05
10-10-2005,Ammonia(N),1.44
12-01-2005,Ammonia(N),1.05
22-02-2005,Ammonia(N),0.5
18-03-2005,Ammonia(N),0.5
21-04-2005,Ammonia(N),0.5
25-05-2005,Ammonia(N),0.5
16-06-2005,Ammonia(N),0.5
13-07-2005,Ammonia(N),0.5
16-08-2005,Ammonia(N),0.5
13-09-2005,Ammonia(N),0.5
18-10-2005,Ammonia(N),0.5
04-01-2006,Ammonia(N),8.99
02-05-2006,Ammonia(N),28
14-07-2006,Ammonia(N),14
04-10-2006,Ammonia(N),0.5
31-01-2006,Ammonia(N),0.03
01-03-2006,Ammonia(N),0.03
06-04-2006,Ammonia(N),0.03
11-05-2006,Ammonia(N),0.048
14-06-2006,Ammonia(N),0.054
05-07-2006,Ammonia(N),0.06
17-08-2006,Ammonia(N),0.045
21-09-2006,Ammonia(N),0.046
13-10-2006,Ammonia(N),0.037
01-11-2006,Ammonia(N),0.03
21-11-2006,Ammonia(N),0.03
08-12-2006,Ammonia(N),0.03
31-01-2006,Ammonia(N),0.03
01-03-2006,Ammonia(N),0.03
06-04-2006,Ammonia(N),0.03
11-05-2006,Ammonia(N),0.082
14-06-2006,Ammonia(N),0.047
05-07-2006,Ammonia(N),0.03
17-08-2006,Ammonia(N),0.034
21-09-2006,Ammonia(N),0.03
13-10-2006,Ammonia(N),0.039
01-11-2006,Ammonia(N),0.03
21-11-2006,Ammonia(N),0.03
08-12-2006,Ammonia(N),0.034
31-01-2006,Ammonia(N),0.03
01-03-2006,Ammonia(N),0.03
06-04-2006,Ammonia(N),0.03
11-05-2006,Ammonia(N),0.039
14-06-2006,Ammonia(N),0.053
05-07-2006,Ammonia(N),0.136
17-08-2006,Ammonia(N),0.034
21-09-2006,Ammonia(N),0.031
13-10-2006,Ammonia(N),0.05
01-11-2006,Ammonia(N),0.03
21-11-2006,Ammonia(N),0.03
08-12-2006,Ammonia(N),0.03
31-01-2006,Ammonia(N),0.03
01-03-2006,Ammonia(N),0.03
06-04-2006,Ammonia(N),0.049
11-05-2006,Ammonia(N),0.059
05-07-2006,Ammonia(N),0.091
17-08-2006,Ammonia(N),0.063
21-09-2006,Ammonia(N),0.03
13-10-2006,Ammonia(N),0.031
01-11-2006,Ammonia(N),0.03
21-11-2006,Ammonia(N),0.034
08-12-2006,Ammonia(N),0.038
04-01-2006,Ammonia(N),3.74
02-05-2006,Ammonia(N),3.08
14-07-2006,Ammonia(N),5.17
04-10-2006,Ammonia(N),14.4
17-10-2006,Ammonia(N),0.6
10-04-2006,Ammonia(N),8.02
16-06-2006,Ammonia(N),1.79
23-08-2006,Ammonia(N),35.2
24-11-2006,Ammonia(N),22.6
24-04-2006,Ammonia(N),0.5
19-05-2006,Ammonia(N),1.26
16-06-2006,Ammonia(N),1.98
06-07-2006,Ammonia(N),0.93
23-08-2006,Ammonia(N),1.42
25-09-2006,Ammonia(N),0.62
06-03-2007,Ammonia(N),0.104
03-07-2007,Ammonia(N),0.03
19-04-2007,Ammonia(N),0.03
15-05-2007,Ammonia(N),0.063
14-06-2007,Ammonia(N),0.031
04-01-2007,Ammonia(N),0.5
30-08-2007,Ammonia(N),1.05
20-10-2007,Ammonia(N),0.5
24-01-2007,Ammonia(N),0.032
30-08-2007,Ammonia(N),0.03
17-09-2007,Ammonia(N),0.03
04-10-2007,Ammonia(N),0.03
20-10-2007,Ammonia(N),0.03
08-11-2007,Ammonia(N),0.03
04-12-2007,Ammonia(N),0.03
24-01-2007,Ammonia(N),0.03
06-03-2007,Ammonia(N),0.167
19-04-2007,Ammonia(N),0.03
15-05-2007,Ammonia(N),0.6
14-06-2007,Ammonia(N),0.113
03-07-2007,Ammonia(N),0.033
24-01-2007,Ammonia(N),0.03
06-03-2007,Ammonia(N),0.03
19-04-2007,Ammonia(N),0.03
16-05-2007,Ammonia(N),0.318
14-06-2007,Ammonia(N),0.115
03-07-2007,Ammonia(N),0.03
30-08-2007,Ammonia(N),0.03
17-09-2007,Ammonia(N),0.03
04-10-2007,Ammonia(N),0.03
20-10-2007,Ammonia(N),0.03
08-11-2007,Ammonia(N),0.03
04-12-2007,Ammonia(N),0.073
24-01-2007,Ammonia(N),0.034
06-03-2007,Ammonia(N),0.226
19-04-2007,Ammonia(N),0.03
16-05-2007,Ammonia(N),0.638
14-06-2007,Ammonia(N),0.24
03-07-2007,Ammonia(N),0.091
30-08-2007,Ammonia(N),0.038
17-09-2007,Ammonia(N),0.047
04-10-2007,Ammonia(N),0.03
20-10-2007,Ammonia(N),0.03
08-11-2007,Ammonia(N),0.03
04-12-2007,Ammonia(N),0.245
04-01-2007,Ammonia(N),11.2
10-07-2007,Ammonia(N),29.4
11-10-2007,Ammonia(N),1.3
06-12-2007,Ammonia(N),1.46
09-01-2007,Ammonia(N),0.84
20-06-2007,Ammonia(N),0.03
02-08-2007,Ammonia(N),4.97
30-01-2007,Ammonia(N),0.444
06-09-2007,Ammonia(N),0.03
25-01-2007,Ammonia(N),0.421
16-08-2007,Ammonia(N),0.413
30-04-2007,Ammonia(N),0.508
05-10-2007,Ammonia(N),0.489
17-01-2008,Ammonia(N),0.5
20-10-2008,Ammonia(N),0.5
17-01-2008,Ammonia(N),0.03
14-02-2008,Ammonia(N),0.03
13-03-2008,Ammonia(N),0.03
30-04-2008,Ammonia(N),0.26
06-06-2008,Ammonia(N),0.038
17-07-2008,Ammonia(N),0.03
11-08-2008,Ammonia(N),0.03
05-09-2008,Ammonia(N),0.086
29-09-2008,Ammonia(N),0.03
20-10-2008,Ammonia(N),0.03
10-11-2008,Ammonia(N),0.08
08-12-2008,Ammonia(N),0.03
17-01-2008,Ammonia(N),0.102
14-02-2008,Ammonia(N),0.074
13-03-2008,Ammonia(N),0.048
30-04-2008,Ammonia(N),0.239
06-06-2008,Ammonia(N),0.064
17-07-2008,Ammonia(N),0.032
07-08-2008,Ammonia(N),0.049
05-09-2008,Ammonia(N),0.063
29-09-2008,Ammonia(N),0.184
20-10-2008,Ammonia(N),0.03
10-11-2008,Ammonia(N),0.061
08-12-2008,Ammonia(N),0.03
17-01-2008,Ammonia(N),0.034
29-02-2008,Ammonia(N),0.03
04-04-2008,Ammonia(N),0.03
21-05-2008,Ammonia(N),1.1
18-06-2008,Ammonia(N),0.03
10-07-2008,Ammonia(N),0.044
01-08-2008,Ammonia(N),0.041
28-08-2008,Ammonia(N),0.03
18-09-2008,Ammonia(N),0.03
17-10-2008,Ammonia(N),0.03
13-11-2008,Ammonia(N),0.034
18-12-2008,Ammonia(N),0.03
17-01-2008,Ammonia(N),0.078
14-02-2008,Ammonia(N),0.03
13-03-2008,Ammonia(N),0.03
01-05-2008,Ammonia(N),0.57
06-06-2008,Ammonia(N),0.051
17-07-2008,Ammonia(N),0.04
11-08-2008,Ammonia(N),0.038
05-09-2008,Ammonia(N),0.089
29-09-2008,Ammonia(N),0.03
20-10-2008,Ammonia(N),0.03
10-11-2008,Ammonia(N),0.056
08-12-2008,Ammonia(N),0.032
14-03-2008,Ammonia(N),12.6
03-07-2008,Ammonia(N),5.41
30-09-2008,Ammonia(N),2.06
09-12-2008,Ammonia(N),7.57
22-01-2008,Ammonia(N),0.062
27-02-2008,Ammonia(N),0.03
14-03-2008,Ammonia(N),0.05
27-05-2008,Ammonia(N),0.28
13-06-2008,Ammonia(N),0.032
03-07-2008,Ammonia(N),0.03
13-08-2008,Ammonia(N),0.074
08-09-2008,Ammonia(N),0.066
30-09-2008,Ammonia(N),0.03
27-10-2008,Ammonia(N),0.03
18-11-2008,Ammonia(N),0.042
09-12-2008,Ammonia(N),0.109
04-04-2008,Ammonia(N),23.6
12-06-2008,Ammonia(N),0.99
19-02-2008,Ammonia(N),0.132
21-05-2008,Ammonia(N),0.065
13-06-2008,Ammonia(N),0.5
13-06-2008,Ammonia(N),0.5
21-01-2009,Ammonia(N),0.5
28-04-2009,Ammonia(N),0.5
27-07-2009,Ammonia(N),0.5
19-10-2009,Ammonia(N),1.2
21-01-2009,Ammonia(N),0.031
23-02-2009,Ammonia(N),0.03
18-03-2009,Ammonia(N),0.084
28-04-2009,Ammonia(N),0.03
19-05-2009,Ammonia(N),0.039
17-06-2009,Ammonia(N),0.213
27-07-2009,Ammonia(N),0.047
18-08-2009,Ammonia(N),0.038
22-09-2009,Ammonia(N),0.066
19-10-2009,Ammonia(N),0.03
10-11-2009,Ammonia(N),0.033
09-12-2009,Ammonia(N),0.03
21-01-2009,Ammonia(N),0.078
23-02-2009,Ammonia(N),0.03
18-03-2009,Ammonia(N),0.03
28-04-2009,Ammonia(N),0.05
19-05-2009,Ammonia(N),0.066
17-06-2009,Ammonia(N),0.073
27-07-2009,Ammonia(N),0.191
18-08-2009,Ammonia(N),0.03
22-09-2009,Ammonia(N),0.03
19-10-2009,Ammonia(N),0.03
10-11-2009,Ammonia(N),0.071
09-12-2009,Ammonia(N),0.03
06-01-2009,Ammonia(N),0.03
04-02-2009,Ammonia(N),0.03
06-03-2009,Ammonia(N),0.03
28-04-2009,Ammonia(N),0.03
19-05-2009,Ammonia(N),0.064
17-06-2009,Ammonia(N),0.039
27-07-2009,Ammonia(N),0.039
18-08-2009,Ammonia(N),0.035
22-09-2009,Ammonia(N),0.03
19-10-2009,Ammonia(N),0.03
10-11-2009,Ammonia(N),0.03
09-12-2009,Ammonia(N),0.03
21-01-2009,Ammonia(N),0.073
23-02-2009,Ammonia(N),0.03
18-03-2009,Ammonia(N),0.049
28-04-2009,Ammonia(N),0.14
19-05-2009,Ammonia(N),0.139
17-06-2009,Ammonia(N),0.046
27-07-2009,Ammonia(N),0.058
18-08-2009,Ammonia(N),0.139
22-09-2009,Ammonia(N),0.068
19-10-2009,Ammonia(N),0.085
10-11-2009,Ammonia(N),0.123
09-12-2009,Ammonia(N),0.03
07-04-2009,Ammonia(N),7.21
23-06-2009,Ammonia(N),1.74
20-07-2010,Ammonia(N),0.5
05-10-2010,Ammonia(N),0.5
15-06-2010,Ammonia(N),0.057
20-07-2010,Ammonia(N),0.05
16-08-2010,Ammonia(N),0.033
13-09-2010,Ammonia(N),0.031
05-10-2010,Ammonia(N),0.03
09-11-2010,Ammonia(N),0.045
02-12-2010,Ammonia(N),0.338
18-01-2010,Ammonia(N),0.038
18-01-2010,Ammonia(N),0.5
20-04-2010,Ammonia(N),0.5
15-02-2010,Ammonia(N),0.03
15-03-2010,Ammonia(N),0.03
20-04-2010,Ammonia(N),0.03
25-05-2010,Ammonia(N),0.03
15-06-2010,Ammonia(N),0.03
20-07-2010,Ammonia(N),0.034
16-08-2010,Ammonia(N),0.03
13-09-2010,Ammonia(N),0.03
05-10-2010,Ammonia(N),0.03
09-11-2010,Ammonia(N),0.03
02-12-2010,Ammonia(N),0.03
18-01-2010,Ammonia(N),0.036
15-02-2010,Ammonia(N),0.03
15-03-2010,Ammonia(N),0.03
20-04-2010,Ammonia(N),0.03
25-05-2010,Ammonia(N),0.03
15-06-2010,Ammonia(N),0.03
20-07-2010,Ammonia(N),0.081
16-08-2010,Ammonia(N),0.03
13-09-2010,Ammonia(N),0.03
05-10-2010,Ammonia(N),0.03
09-11-2010,Ammonia(N),0.156
02-12-2010,Ammonia(N),0.055
18-01-2010,Ammonia(N),0.038
15-02-2010,Ammonia(N),0.03
15-03-2010,Ammonia(N),0.03
20-04-2010,Ammonia(N),0.03
25-05-2010,Ammonia(N),0.128
15-06-2010,Ammonia(N),0.03
20-07-2010,Ammonia(N),0.044
16-08-2010,Ammonia(N),0.037
13-09-2010,Ammonia(N),0.039
05-10-2010,Ammonia(N),0.03
09-11-2010,Ammonia(N),0.03
02-12-2010,Ammonia(N),0.068
18-01-2010,Ammonia(N),0.038
15-02-2010,Ammonia(N),0.03
15-03-2010,Ammonia(N),0.03
20-04-2010,Ammonia(N),0.03
25-05-2010,Ammonia(N),0.241
15-06-2010,Ammonia(N),0.059
20-07-2010,Ammonia(N),0.163
16-08-2010,Ammonia(N),0.03
13-09-2010,Ammonia(N),0.083
05-10-2010,Ammonia(N),0.065
09-11-2010,Ammonia(N),0.038
02-12-2010,Ammonia(N),0.111
04-01-2010,Ammonia(N),7.85
04-03-2010,Ammonia(N),48.5
16-09-2010,Ammonia(N),17.7
20-07-2011,Ammonia(N),0.044
08-08-2011,Ammonia(N),0.03
07-09-2011,Ammonia(N),0.03
02-11-2011,Ammonia(N),0.03
21-11-2011,Ammonia(N),0.057
08-12-2011,Ammonia(N),0.053
19-01-2011,Ammonia(N),0.035
19-01-2011,Ammonia(N),0.5
20-07-2011,Ammonia(N),0.5
02-11-2011,Ammonia(N),47.1
08-02-2011,Ammonia(N),31.3
19-01-2011,Ammonia(N),0.059
07-02-2011,Ammonia(N),0.047
02-03-2011,Ammonia(N),0.09
05-04-2011,Ammonia(N),0.038
06-05-2011,Ammonia(N),0.091
03-06-2011,Ammonia(N),0.044
07-02-2011,Ammonia(N),0.03
02-03-2011,Ammonia(N),0.037
05-04-2011,Ammonia(N),0.03
06-05-2011,Ammonia(N),0.03
03-06-2011,Ammonia(N),0.051
20-07-2011,Ammonia(N),0.03
08-08-2011,Ammonia(N),0.03
07-09-2011,Ammonia(N),0.03
02-11-2011,Ammonia(N),0.03
21-11-2011,Ammonia(N),0.03
08-12-2011,Ammonia(N),0.03
19-01-2011,Ammonia(N),0.044
07-02-2011,Ammonia(N),0.2
02-03-2011,Ammonia(N),0.037
05-04-2011,Ammonia(N),0.03
06-05-2011,Ammonia(N),0.151
03-06-2011,Ammonia(N),0.065
20-07-2011,Ammonia(N),0.043
08-08-2011,Ammonia(N),0.03
07-09-2011,Ammonia(N),0.067
02-11-2011,Ammonia(N),0.078
21-11-2011,Ammonia(N),0.03
08-12-2011,Ammonia(N),1.68
19-01-2011,Ammonia(N),0.034
07-02-2011,Ammonia(N),0.03
02-03-2011,Ammonia(N),0.03
05-04-2011,Ammonia(N),0.03
06-05-2011,Ammonia(N),0.048
03-06-2011,Ammonia(N),0.04
20-07-2011,Ammonia(N),0.03
08-08-2011,Ammonia(N),0.039
07-09-2011,Ammonia(N),0.032
02-11-2011,Ammonia(N),0.03
21-11-2011,Ammonia(N),0.048
08-12-2011,Ammonia(N),0.03
19-01-2011,Ammonia(N),0.03
07-02-2011,Ammonia(N),0.03
02-03-2011,Ammonia(N),0.053
05-04-2011,Ammonia(N),0.03
06-05-2011,Ammonia(N),0.219
03-06-2011,Ammonia(N),0.061
20-07-2011,Ammonia(N),0.119
08-08-2011,Ammonia(N),0.148
07-09-2011,Ammonia(N),0.03
02-11-2011,Ammonia(N),0.096
21-11-2011,Ammonia(N),0.064
08-12-2011,Ammonia(N),0.812
03-05-2011,Ammonia(N),5.76
13-07-2011,Ammonia(N),3.92
06-10-2011,Ammonia(N),2.35
10-01-2011,Ammonia(N),0.035
04-02-2011,Ammonia(N),0.034
23-02-2011,Ammonia(N),0.03
31-03-2011,Ammonia(N),0.03
23-05-2011,Ammonia(N),0.03
13-07-2011,Ammonia(N),0.03
09-08-2011,Ammonia(N),0.033
25-08-2011,Ammonia(N),0.03
08-09-2011,Ammonia(N),0.03
06-10-2011,Ammonia(N),0.03
20-10-2011,Ammonia(N),0.03
13-12-2011,Ammonia(N),0.04
10-01-2011,Ammonia(N),0.101
04-02-2011,Ammonia(N),0.064
23-02-2011,Ammonia(N),0.06
31-03-2011,Ammonia(N),0.03
23-05-2011,Ammonia(N),0.032
13-07-2011,Ammonia(N),0.03
09-08-2011,Ammonia(N),0.03
25-08-2011,Ammonia(N),0.03
08-09-2011,Ammonia(N),0.03
06-10-2011,Ammonia(N),0.03
20-10-2011,Ammonia(N),0.32
13-12-2011,Ammonia(N),0.376
10-01-2011,Ammonia(N),0.141
04-02-2011,Ammonia(N),0.048
23-02-2011,Ammonia(N),0.042
31-03-2011,Ammonia(N),0.03
23-05-2011,Ammonia(N),0.03
13-07-2011,Ammonia(N),0.042
09-08-2011,Ammonia(N),0.053
25-08-2011,Ammonia(N),0.055
08-09-2011,Ammonia(N),0.03
27-09-2011,Ammonia(N),0.03
20-10-2011,Ammonia(N),0.047
21-11-2011,Ammonia(N),0.03
28-11-2011,Ammonia(N),0.03
13-12-2011,Ammonia(N),0.039
10-01-2011,Ammonia(N),0.087
04-02-2011,Ammonia(N),0.03
23-02-2011,Ammonia(N),0.03
31-03-2011,Ammonia(N),0.03
23-05-2011,Ammonia(N),0.219
13-07-2011,Ammonia(N),0.148
09-08-2011,Ammonia(N),0.052
25-08-2011,Ammonia(N),0.043
08-09-2011,Ammonia(N),0.037
06-10-2011,Ammonia(N),0.03
20-10-2011,Ammonia(N),0.03
13-12-2011,Ammonia(N),0.03
10-01-2011,Ammonia(N),0.311
04-02-2011,Ammonia(N),0.371
23-02-2011,Ammonia(N),0.094
31-03-2011,Ammonia(N),0.08
23-05-2011,Ammonia(N),0.139
13-07-2011,Ammonia(N),0.84
09-08-2011,Ammonia(N),0.856
25-08-2011,Ammonia(N),0.857
08-09-2011,Ammonia(N),1.07
06-10-2011,Ammonia(N),0.434
20-10-2011,Ammonia(N),0.461
13-12-2011,Ammonia(N),1.37
19-01-2011,Ammonia(N),0.033
07-02-2011,Ammonia(N),0.03
02-03-2011,Ammonia(N),0.033
05-04-2011,Ammonia(N),0.03
06-05-2011,Ammonia(N),0.03
03-06-2011,Ammonia(N),0.031
20-07-2011,Ammonia(N),0.056
08-08-2011,Ammonia(N),0.06
07-09-2011,Ammonia(N),0.03
02-11-2011,Ammonia(N),0.03
21-11-2011,Ammonia(N),0.03
08-12-2011,Ammonia(N),0.03
17-01-2011,Ammonia(N),0.74
14-02-2011,Ammonia(N),0.5
07-03-2011,Ammonia(N),2.44
04-04-2011,Ammonia(N),0.5
03-05-2011,Ammonia(N),0.5
21-07-2011,Ammonia(N),0.5
25-08-2011,Ammonia(N),0.5
04-10-2011,Ammonia(N),0.5
19-10-2011,Ammonia(N),0.5
10-11-2011,Ammonia(N),0.5
22-11-2011,Ammonia(N),0.5
06-12-2011,Ammonia(N),0.5
17-01-2011,Ammonia(N),0.195
14-02-2011,Ammonia(N),0.689
07-03-2011,Ammonia(N),0.676
04-04-2011,Ammonia(N),0.572
03-05-2011,Ammonia(N),0.225
21-07-2011,Ammonia(N),0.03
25-08-2011,Ammonia(N),0.037
04-10-2011,Ammonia(N),0.03
19-10-2011,Ammonia(N),0.036
10-11-2011,Ammonia(N),0.053
22-11-2011,Ammonia(N),0.039
06-12-2011,Ammonia(N),0.486
09-01-2012,Ammonia(N),0.5
18-04-2012,Ammonia(N),0.51
26-06-2012,Ammonia(N),0.5
03-10-2012,Ammonia(N),0.5
09-01-2012,Ammonia(N),0.03
14-02-2012,Ammonia(N),0.104
18-04-2012,Ammonia(N),0.31
02-05-2012,Ammonia(N),0.03
21-06-2012,Ammonia(N),0.138
05-07-2012,Ammonia(N),0.044
19-07-2012,Ammonia(N),0.043
01-08-2012,Ammonia(N),0.065
06-09-2012,Ammonia(N),0.04
22-10-2012,Ammonia(N),0.03
16-11-2012,Ammonia(N),0.069
10-12-2012,Ammonia(N),0.075
09-01-2012,Ammonia(N),0.048
14-02-2012,Ammonia(N),0.087
18-04-2012,Ammonia(N),0.036
02-05-2012,Ammonia(N),0.03
19-06-2012,Ammonia(N),0.03
21-06-2012,Ammonia(N),0.03
26-06-2012,Ammonia(N),0.03
01-08-2012,Ammonia(N),0.03
05-09-2012,Ammonia(N),0.03
03-10-2012,Ammonia(N),0.03
31-10-2012,Ammonia(N),0.03
26-11-2012,Ammonia(N),0.03
09-01-2012,Ammonia(N),0.03
14-02-2012,Ammonia(N),0.057
18-04-2012,Ammonia(N),0.07
19-06-2012,Ammonia(N),0.102
21-06-2012,Ammonia(N),0.475
26-06-2012,Ammonia(N),0.047
01-08-2012,Ammonia(N),0.032
05-09-2012,Ammonia(N),0.03
03-10-2012,Ammonia(N),0.063
22-10-2012,Ammonia(N),0.062
26-11-2012,Ammonia(N),0.129
09-01-2012,Ammonia(N),0.03
14-02-2012,Ammonia(N),0.03
29-03-2012,Ammonia(N),0.03
02-05-2012,Ammonia(N),0.046
10-05-2012,Ammonia(N),0.039
15-06-2012,Ammonia(N),0.031
04-07-2012,Ammonia(N),0.03
31-07-2012,Ammonia(N),0.06
29-08-2012,Ammonia(N),0.072
27-09-2012,Ammonia(N),0.035
25-10-2012,Ammonia(N),0.03
26-11-2012,Ammonia(N),0.071
09-01-2012,Ammonia(N),0.036
14-02-2012,Ammonia(N),0.042
18-04-2012,Ammonia(N),0.03
02-05-2012,Ammonia(N),0.036
21-05-2012,Ammonia(N),0.03
20-06-2012,Ammonia(N),0.03
26-06-2012,Ammonia(N),0.036
01-08-2012,Ammonia(N),0.03
05-09-2012,Ammonia(N),0.03
03-10-2012,Ammonia(N),0.088
22-10-2012,Ammonia(N),0.033
26-11-2012,Ammonia(N),0.066
13-01-2012,Ammonia(N),0.03
09-02-2012,Ammonia(N),0.073
02-03-2012,Ammonia(N),0.03
10-04-2012,Ammonia(N),0.03
11-05-2012,Ammonia(N),0.03
25-05-2012,Ammonia(N),0.03
28-06-2012,Ammonia(N),0.054
12-07-2012,Ammonia(N),0.042
29-03-2012,Ammonia(N),16
27-06-2012,Ammonia(N),0.5
27-09-2012,Ammonia(N),0.93
24-04-2012,Ammonia(N),0.03
19-06-2012,Ammonia(N),0.03
21-06-2012,Ammonia(N),0.03
26-06-2012,Ammonia(N),0.03
09-08-2012,Ammonia(N),0.03
05-09-2012,Ammonia(N),0.03
03-10-2012,Ammonia(N),0.03
22-10-2012,Ammonia(N),0.03
26-11-2012,Ammonia(N),0.03
10-01-2012,Ammonia(N),0.03
17-02-2012,Ammonia(N),0.03
18-04-2012,Ammonia(N),0.03
25-04-2012,Ammonia(N),0.03
19-06-2012,Ammonia(N),0.03
26-06-2012,Ammonia(N),0.03
09-08-2012,Ammonia(N),0.03
05-09-2012,Ammonia(N),0.034
22-10-2012,Ammonia(N),0.03
22-11-2012,Ammonia(N),0.033
28-11-2012,Ammonia(N),0.03
10-12-2012,Ammonia(N),0.03
10-01-2012,Ammonia(N),0.034
17-02-2012,Ammonia(N),0.031
18-04-2012,Ammonia(N),0.276
21-05-2012,Ammonia(N),0.065
19-06-2012,Ammonia(N),0.03
26-06-2012,Ammonia(N),0.03
22-10-2012,Ammonia(N),0.056
22-11-2012,Ammonia(N),0.275
28-11-2012,Ammonia(N),0.206
10-01-2012,Ammonia(N),0.056
17-02-2012,Ammonia(N),0.03
27-04-2012,Ammonia(N),0.079
21-05-2012,Ammonia(N),0.03
14-06-2012,Ammonia(N),0.03
26-06-2012,Ammonia(N),0.03
26-07-2012,Ammonia(N),0.03
03-10-2012,Ammonia(N),0.03
25-10-2012,Ammonia(N),0.032
28-11-2012,Ammonia(N),0.087
10-01-2012,Ammonia(N),0.03
17-02-2012,Ammonia(N),0.03
29-03-2012,Ammonia(N),0.03
25-04-2012,Ammonia(N),0.03
10-05-2012,Ammonia(N),0.079
14-06-2012,Ammonia(N),0.038
04-07-2012,Ammonia(N),0.03
31-07-2012,Ammonia(N),0.03
29-08-2012,Ammonia(N),0.03
27-09-2012,Ammonia(N),0.111
22-10-2012,Ammonia(N),0.032
29-11-2012,Ammonia(N),0.043
04-07-2012,Ammonia(N),44.2
09-01-2012,Ammonia(N),0.03
14-02-2012,Ammonia(N),0.032
27-04-2012,Ammonia(N),0.146
02-05-2012,Ammonia(N),0.06
10-05-2012,Ammonia(N),0.07
14-06-2012,Ammonia(N),0.043
04-07-2012,Ammonia(N),0.03
01-08-2012,Ammonia(N),0.03
22-08-2012,Ammonia(N),0.03
01-10-2012,Ammonia(N),0.03
25-10-2012,Ammonia(N),0.03
14-12-2012,Ammonia(N),0.075
10-04-2013,Ammonia(N),6.35
29-07-2013,Ammonia(N),0.5
29-05-2013,Ammonia(N),0.5
15-06-2013,Ammonia(N),0.5
01-10-2013,Ammonia(N),0.5
13-11-2013,Ammonia(N),4.52
28-01-2013,Ammonia(N),10.5
21-10-2013,Ammonia(N),1.25
15-06-2013,Ammonia(N),3.57
03-12-2013,Ammonia(N),41.3
11-02-2013,Ammonia(N),0.093
05-04-2013,Ammonia(N),0.03
11-05-2013,Ammonia(N),0.037
15-05-2013,Ammonia(N),0.86
06-06-2013,Ammonia(N),0.072
15-07-2013,Ammonia(N),0.042
09-08-2013,Ammonia(N),0.049
14-08-2013,Ammonia(N),0.034
10-09-2013,Ammonia(N),0.052
23-10-2013,Ammonia(N),0.03
13-11-2013,Ammonia(N),0.03
03-12-2013,Ammonia(N),0.03
11-02-2013,Ammonia(N),0.049
08-04-2013,Ammonia(N),0.03
11-05-2013,Ammonia(N),0.03
16-05-2013,Ammonia(N),0.228
08-06-2013,Ammonia(N),0.031
19-06-2013,Ammonia(N),0.038
15-07-2013,Ammonia(N),0.03
14-08-2013,Ammonia(N),0.03
11-09-2013,Ammonia(N),0.03
13-11-2013,Ammonia(N),0.03
21-11-2013,Ammonia(N),0.03
05-12-2013,Ammonia(N),0.03
30-01-2013,Ammonia(N),0.164
08-04-2013,Ammonia(N),0.03
08-04-2013,Ammonia(N),0.082
12-04-2013,Ammonia(N),0.101
11-05-2013,Ammonia(N),0.03
16-05-2013,Ammonia(N),0.266
05-06-2013,Ammonia(N),0.084
19-07-2013,Ammonia(N),0.054
14-08-2013,Ammonia(N),0.039
11-09-2013,Ammonia(N),0.048
21-10-2013,Ammonia(N),0.041
14-11-2013,Ammonia(N),0.032
26-11-2013,Ammonia(N),0.03
30-01-2013,Ammonia(N),0.116
03-04-2013,Ammonia(N),0.096
08-04-2013,Ammonia(N),0.03
11-05-2013,Ammonia(N),0.03
15-05-2013,Ammonia(N),0.056
05-06-2013,Ammonia(N),0.072
09-08-2013,Ammonia(N),0.031
14-08-2013,Ammonia(N),0.03
09-09-2013,Ammonia(N),0.042
30-10-2013,Ammonia(N),0.03
12-11-2013,Ammonia(N),0.03
21-11-2013,Ammonia(N),0.093
28-01-2013,Ammonia(N),0.03
05-04-2013,Ammonia(N),0.03
11-05-2013,Ammonia(N),0.03
15-05-2013,Ammonia(N),0.23
15-06-2013,Ammonia(N),0.03
19-06-2013,Ammonia(N),0.038
15-07-2013,Ammonia(N),0.036
14-08-2013,Ammonia(N),0.03
10-09-2013,Ammonia(N),0.03
28-10-2013,Ammonia(N),0.03
13-11-2013,Ammonia(N),0.03
21-11-2013,Ammonia(N),0.03
22-01-2013,Ammonia(N),0.607
11-02-2013,Ammonia(N),0.049
03-04-2013,Ammonia(N),0.03
11-05-2013,Ammonia(N),0.03
16-05-2013,Ammonia(N),0.304
05-06-2013,Ammonia(N),0.051
19-07-2013,Ammonia(N),0.067
14-08-2013,Ammonia(N),0.166
11-09-2013,Ammonia(N),0.041
21-10-2013,Ammonia(N),0.03
07-11-2013,Ammonia(N),0.032
21-11-2013,Ammonia(N),0.058
11-05-2013,Ammonia(N),0.03
15-05-2013,Ammonia(N),0.92
29-05-2013,Ammonia(N),0.089
15-06-2013,Ammonia(N),0.03
15-07-2013,Ammonia(N),0.033
14-08-2013,Ammonia(N),0.03
10-09-2013,Ammonia(N),0.03
18-10-2013,Ammonia(N),0.03
13-11-2013,Ammonia(N),0.03
25-11-2013,Ammonia(N),0.03
28-01-2013,Ammonia(N),1.45
10-04-2013,Ammonia(N),5.17
29-07-2013,Ammonia(N),4.72
07-11-2013,Ammonia(N),0.6
15-07-2013,Ammonia(N),16.9
18-11-2013,Ammonia(N),1.93
20-08-2014,Ammonia(N),0.03
11-11-2014,Ammonia(N),0.03
08-01-2014,Ammonia(N),0.059
18-02-2014,Ammonia(N),0.086
05-03-2014,Ammonia(N),0.035
23-04-2014,Ammonia(N),0.77
12-02-2014,Ammonia(N),0.04
21-05-2014,Ammonia(N),0.032
06-05-2014,Ammonia(N),0.03
19-06-2014,Ammonia(N),0.03
23-07-2014,Ammonia(N),0.032
15-08-2014,Ammonia(N),0.031
04-09-2014,Ammonia(N),0.03
09-10-2014,Ammonia(N),0.03
11-11-2014,Ammonia(N),0.052
18-12-2014,Ammonia(N),0.031
15-01-2014,Ammonia(N),0.139
12-02-2014,Ammonia(N),0.179
13-03-2014,Ammonia(N),0.03
07-05-2014,Ammonia(N),0.03
15-08-2014,Ammonia(N),0.048
13-11-2014,Ammonia(N),0.044
08-01-2014,Ammonia(N),0.64
11-04-2014,Ammonia(N),0.5
11-07-2014,Ammonia(N),0.5
09-10-2014,Ammonia(N),0.5
19-03-2014,Ammonia(N),0.5
02-09-2014,Ammonia(N),0.5
10-12-2014,Ammonia(N),0.5
07-01-2014,Ammonia(N),0.03
04-02-2014,Ammonia(N),0.063
18-03-2014,Ammonia(N),0.051
01-04-2014,Ammonia(N),0.8
16-05-2014,Ammonia(N),0.041
03-06-2014,Ammonia(N),0.031
08-07-2014,Ammonia(N),0.03
13-08-2014,Ammonia(N),0.03
11-09-2014,Ammonia(N),0.03
08-10-2014,Ammonia(N),0.03
05-11-2014,Ammonia(N),0.214
24-11-2014,Ammonia(N),0.038
15-01-2014,Ammonia(N),0.53
11-02-2014,Ammonia(N),0.21
17-03-2014,Ammonia(N),1
08-04-2014,Ammonia(N),0.55
22-05-2014,Ammonia(N),0.31
25-06-2014,Ammonia(N),0.47
30-07-2014,Ammonia(N),0.66
12-08-2014,Ammonia(N),1.5
12-09-2014,Ammonia(N),0.21
23-10-2014,Ammonia(N),0.25
24-11-2014,Ammonia(N),0.21
15-12-2014,Ammonia(N),0.21
15-01-2014,Ammonia(N),0.21
11-02-2014,Ammonia(N),1.4
17-03-2014,Ammonia(N),12
08-04-2014,Ammonia(N),0.29
25-06-2014,Ammonia(N),2.5
12-08-2014,Ammonia(N),1.1
12-09-2014,Ammonia(N),4.6
23-10-2014,Ammonia(N),1.3
24-11-2014,Ammonia(N),0.21
15-12-2014,Ammonia(N),0.21
08-01-2014,Ammonia(N),0.172
10-02-2014,Ammonia(N),0.167
05-03-2014,Ammonia(N),0.152
24-04-2014,Ammonia(N),0.081
06-01-2014,Ammonia(N),0.051
03-02-2014,Ammonia(N),0.08
06-03-2014,Ammonia(N),0.03
08-04-2014,Ammonia(N),0.03
16-05-2014,Ammonia(N),0.143
03-06-2014,Ammonia(N),0.047
07-07-2014,Ammonia(N),0.063
06-08-2014,Ammonia(N),0.658
01-09-2014,Ammonia(N),0.03
06-10-2014,Ammonia(N),0.03
03-11-2014,Ammonia(N),0.04
27-11-2014,Ammonia(N),0.099
20-06-2014,Ammonia(N),0.03
15-09-2014,Ammonia(N),0.03
12-10-2015,Ammonia(N),0.5
12-02-2015,Ammonia(N),3.98
29-07-2015,Ammonia(N),6.09
24-08-2015,Ammonia(N),9.3
03-11-2015,Ammonia(N),7.82
19-01-2015,Ammonia(N),0.061
12-02-2015,Ammonia(N),0.054
23-03-2015,Ammonia(N),0.042
20-04-2015,Ammonia(N),0.03
06-05-2015,Ammonia(N),0.052
03-06-2015,Ammonia(N),0.03
14-07-2015,Ammonia(N),0.042
05-08-2015,Ammonia(N),0.03
18-09-2015,Ammonia(N),0.03
12-10-2015,Ammonia(N),0.03
02-11-2015,Ammonia(N),0.03
01-12-2015,Ammonia(N),0.053
04-03-2015,Ammonia(N),0.03
03-06-2015,Ammonia(N),0.03
22-09-2015,Ammonia(N),0.03
01-12-2015,Ammonia(N),0.03
04-03-2015,Ammonia(N),0.03
03-06-2015,Ammonia(N),0.038
24-09-2015,Ammonia(N),0.133
01-12-2015,Ammonia(N),0.042
23-01-2015,Ammonia(N),0.048
03-03-2015,Ammonia(N),0.03
23-04-2015,Ammonia(N),0.03
14-05-2015,Ammonia(N),0.059
02-06-2015,Ammonia(N),0.03
08-07-2015,Ammonia(N),0.039
10-08-2015,Ammonia(N),0.04
03-09-2015,Ammonia(N),0.077
01-10-2015,Ammonia(N),0.03
03-11-2015,Ammonia(N),0.03
30-11-2015,Ammonia(N),0.03
04-03-2015,Ammonia(N),0.03
03-06-2015,Ammonia(N),0.031
22-09-2015,Ammonia(N),0.049
01-12-2015,Ammonia(N),0.043
16-03-2015,Ammonia(N),0.03
08-06-2015,Ammonia(N),0.116
02-09-2015,Ammonia(N),0.398
01-12-2015,Ammonia(N),0.03
16-03-2015,Ammonia(N),0.03
05-06-2015,Ammonia(N),0.033
18-09-2015,Ammonia(N),0.03
01-12-2015,Ammonia(N),0.042
16-03-2015,Ammonia(N),0.03
03-06-2015,Ammonia(N),0.03
28-09-2015,Ammonia(N),0.075
26-11-2015,Ammonia(N),0.036
13-01-2015,Ammonia(N),0.03
19-02-2015,Ammonia(N),0.03
13-03-2015,Ammonia(N),0.03
09-04-2015,Ammonia(N),0.03
11-05-2015,Ammonia(N),0.03
04-06-2015,Ammonia(N),0.03
06-07-2015,Ammonia(N),0.096
04-08-2015,Ammonia(N),0.047
03-09-2015,Ammonia(N),0.03
11-11-2015,Ammonia(N),0.052
26-11-2015,Ammonia(N),0.111
11-12-2015,Ammonia(N),0.041
13-01-2015,Ammonia(N),0.034
26-02-2015,Ammonia(N),0.03
13-03-2015,Ammonia(N),0.03
16-04-2015,Ammonia(N),0.03
11-05-2015,Ammonia(N),0.03
06-07-2015,Ammonia(N),0.064
03-09-2015,Ammonia(N),0.03
11-11-2015,Ammonia(N),0.158
26-11-2015,Ammonia(N),0.284
11-12-2015,Ammonia(N),0.128
13-01-2015,Ammonia(N),0.091
11-02-2015,Ammonia(N),0.051
19-03-2015,Ammonia(N),0.756
03-06-2015,Ammonia(N),0.03
25-06-2015,Ammonia(N),0.075
08-07-2015,Ammonia(N),0.57
19-08-2015,Ammonia(N),1.99
26-10-2015,Ammonia(N),0.03
09-11-2015,Ammonia(N),0.051
16-11-2015,Ammonia(N),0.049
19-11-2015,Ammonia(N),0.04
08-12-2015,Ammonia(N),0.04
19-01-2015,Ammonia(N),0.322
11-02-2015,Ammonia(N),0.12
01-04-2015,Ammonia(N),0.044
15-04-2015,Ammonia(N),0.03
03-06-2015,Ammonia(N),0.077
27-07-2015,Ammonia(N),0.314
19-08-2015,Ammonia(N),1.42
26-10-2015,Ammonia(N),0.03
09-11-2015,Ammonia(N),0.03
16-11-2015,Ammonia(N),0.03
02-12-2015,Ammonia(N),0.045
18-12-2015,Ammonia(N),0.083
14-01-2015,Ammonia(N),3.44
12-02-2015,Ammonia(N),2.61
17-03-2015,Ammonia(N),2.99
10-04-2015,Ammonia(N),0.31
05-05-2015,Ammonia(N),4.08
01-06-2015,Ammonia(N),1.62
17-07-2015,Ammonia(N),4.12
30-07-2015,Ammonia(N),4.11
26-08-2015,Ammonia(N),11.4
28-09-2015,Ammonia(N),0.41
18-10-2015,Ammonia(N),0.96
05-11-2015,Ammonia(N),2.42
06-01-2015,Ammonia(N),0.619
05-02-2015,Ammonia(N),1.2
24-03-2015,Ammonia(N),1.36
20-04-2015,Ammonia(N),0.914
12-05-2015,Ammonia(N),0.194
11-06-2015,Ammonia(N),0.038
07-07-2015,Ammonia(N),0.123
04-08-2015,Ammonia(N),0.1
11-09-2015,Ammonia(N),0.095
15-10-2015,Ammonia(N),0.868
05-11-2015,Ammonia(N),1.26
23-11-2015,Ammonia(N),2.58
12-01-2015,Ammonia(N),2.27
03-02-2015,Ammonia(N),5.04
25-03-2015,Ammonia(N),2.14
17-04-2015,Ammonia(N),2.49
21-05-2015,Ammonia(N),1.45
30-06-2015,Ammonia(N),2.69
20-07-2015,Ammonia(N),3.72
13-08-2015,Ammonia(N),1.69
04-09-2015,Ammonia(N),1.49
07-10-2015,Ammonia(N),1.05
13-11-2015,Ammonia(N),3.69
06-12-2015,Ammonia(N),2.2
16-01-2015,Ammonia(N),0.035
23-02-2015,Ammonia(N),0.03
09-03-2015,Ammonia(N),0.03
13-04-2015,Ammonia(N),0.03
13-05-2015,Ammonia(N),0.03
17-06-2015,Ammonia(N),0.03
23-07-2015,Ammonia(N),0.03
21-08-2015,Ammonia(N),0.03
01-10-2015,Ammonia(N),0.03
15-10-2015,Ammonia(N),0.03
13-11-2015,Ammonia(N),0.031
30-11-2015,Ammonia(N),0.031
21-01-2015,Ammonia(N),0.21
20-02-2015,Ammonia(N),0.21
19-03-2015,Ammonia(N),0.21
22-04-2015,Ammonia(N),2.7
20-05-2015,Ammonia(N),0.74
25-06-2015,Ammonia(N),0.21
30-07-2015,Ammonia(N),0.4
28-08-2015,Ammonia(N),1.3
30-09-2015,Ammonia(N),1.6
30-10-2015,Ammonia(N),0.42
27-11-2015,Ammonia(N),0.66
18-12-2015,Ammonia(N),0.21
09-03-2015,Ammonia(N),0.03
24-06-2015,Ammonia(N),0.03
04-09-2015,Ammonia(N),0.03
23-11-2015,Ammonia(N),0.03
18-03-2015,Ammonia(N),0.03
17-06-2015,Ammonia(N),0.03
04-09-2015,Ammonia(N),0.03
30-11-2015,Ammonia(N),0.0092
17-03-2015,Ammonia(N),0.03
17-06-2015,Ammonia(N),0.03
01-10-2015,Ammonia(N),0.03
30-11-2015,Ammonia(N),0.0108
06-05-2016,Ammonia(N),0.5
13-10-2016,Ammonia(N),0.5
26-01-2016,Ammonia(N),0.03
25-04-2016,Ammonia(N),0.03
06-10-2016,Ammonia(N),0.03
10-10-2016,Ammonia(N),0.031
18-01-2016,Ammonia(N),0.03
04-02-2016,Ammonia(N),0.03
20-04-2016,Ammonia(N),0.03
09-05-2016,Ammonia(N),0.03
03-06-2016,Ammonia(N),0.191
06-10-2016,Ammonia(N),0.03
28-10-2016,Ammonia(N),0.03
23-11-2016,Ammonia(N),0.031
07-12-2016,Ammonia(N),0.098
13-01-2016,Ammonia(N),0.03
12-04-2016,Ammonia(N),0.036
06-10-2016,Ammonia(N),0.095
31-10-2016,Ammonia(N),0.096
13-01-2016,Ammonia(N),0.88
27-10-2016,Ammonia(N),8.4
16-02-2016,Ammonia(N),0.046
22-08-2016,Ammonia(N),0.032
29-11-2016,Ammonia(N),0.03
04-02-2016,Ammonia(N),0.04
06-05-2016,Ammonia(N),0.03
21-06-2016,Ammonia(N),0.03
16-08-2016,Ammonia(N),0.03
28-10-2016,Ammonia(N),0.03
08-11-2016,Ammonia(N),0.087
21-11-2016,Ammonia(N),0.163
28-11-2016,Ammonia(N),0.034
13-12-2016,Ammonia(N),0.053
16-02-2016,Ammonia(N),0.045
10-03-2016,Ammonia(N),0.222
17-08-2016,Ammonia(N),0.034
13-10-2016,Ammonia(N),0.03
08-11-2016,Ammonia(N),0.03
21-11-2016,Ammonia(N),0.064
28-11-2016,Ammonia(N),0.037
13-12-2016,Ammonia(N),0.07
13-01-2016,Ammonia(N),0.03
11-04-2016,Ammonia(N),0.03
06-01-2016,Ammonia(N),0.03
06-05-2016,Ammonia(N),0.03
06-10-2016,Ammonia(N),0.03
08-11-2016,Ammonia(N),0.036
04-02-2016,Ammonia(N),0.03
10-03-2016,Ammonia(N),0.088
11-04-2016,Ammonia(N),0.03
27-06-2016,Ammonia(N),0.03
17-08-2016,Ammonia(N),0.03
06-10-2016,Ammonia(N),0.03
30-11-2016,Ammonia(N),0.03
05-12-2016,Ammonia(N),0.03
07-01-2016,Ammonia(N),0.052
20-04-2016,Ammonia(N),0.066
11-07-2016,Ammonia(N),0.231
17-10-2016,Ammonia(N),0.03
07-01-2016,Ammonia(N),0.039
20-04-2016,Ammonia(N),0.03
06-10-2016,Ammonia(N),0.03
05-12-2016,Ammonia(N),0.044
19-01-2016,Ammonia(N),0.063
18-04-2016,Ammonia(N),0.071
06-01-2016,Ammonia(N),1.04
11-10-2016,Ammonia(N),9.92
09-09-2016,Ammonia(N),1.95
07-12-2016,Ammonia(N),2.08
31-03-2016,Ammonia(N),0.03
08-11-2016,Ammonia(N),0.12
28-11-2016,Ammonia(N),0.036
16-02-2016,Ammonia(N),0.043
28-06-2016,Ammonia(N),0.062
08-11-2016,Ammonia(N),0.144
28-11-2016,Ammonia(N),0.102
06-01-2016,Ammonia(N),0.045
16-02-2016,Ammonia(N),0.075
29-03-2016,Ammonia(N),0.03
25-04-2016,Ammonia(N),0.051
07-06-2016,Ammonia(N),0.035
21-06-2016,Ammonia(N),0.041
31-08-2016,Ammonia(N),0.031
13-10-2016,Ammonia(N),0.056
27-10-2016,Ammonia(N),0.03
08-11-2016,Ammonia(N),0.47
10-11-2016,Ammonia(N),0.059
28-11-2016,Ammonia(N),0.143
02-02-2016,Ammonia(N),0.037
17-05-2016,Ammonia(N),0.075
31-08-2016,Ammonia(N),0.073
28-11-2016,Ammonia(N),0.171
02-02-2016,Ammonia(N),0.03
17-05-2016,Ammonia(N),0.03
22-08-2016,Ammonia(N),0.034
10-11-2016,Ammonia(N),0.723
06-01-2016,Ammonia(N),0.047
18-04-2016,Ammonia(N),0.03
13-10-2016,Ammonia(N),0.03
05-12-2016,Ammonia(N),0.064
06-01-2016,Ammonia(N),0.065
16-02-2016,Ammonia(N),0.037
31-03-2016,Ammonia(N),0.118
18-04-2016,Ammonia(N),0.03
21-06-2016,Ammonia(N),0.03
13-10-2016,Ammonia(N),0.03
27-10-2016,Ammonia(N),0.054
28-11-2016,Ammonia(N),0.03
05-12-2016,Ammonia(N),0.03
26-01-2016,Ammonia(N),0.03
28-04-2016,Ammonia(N),0.03
05-12-2016,Ammonia(N),0.03
26-01-2016,Ammonia(N),0.849
31-03-2016,Ammonia(N),0.263
28-04-2016,Ammonia(N),0.03
14-06-2016,Ammonia(N),0.033
21-11-2016,Ammonia(N),0.084
05-12-2016,Ammonia(N),0.064
18-02-2016,Ammonia(N),0.171
19-05-2016,Ammonia(N),0.03
22-06-2016,Ammonia(N),0.085
20-07-2016,Ammonia(N),0.03
16-08-2016,Ammonia(N),2.5
15-09-2016,Ammonia(N),0.03
13-10-2016,Ammonia(N),0.03
28-11-2016,Ammonia(N),0.235
